year,season,plot,quadrat,species,abundance,cover,cf
2015,summer,1,11,aris adsc,4,1,
2015,summer,1,11,bout aris,332,25,
2015,summer,1,11,erio aber,1,1,
2015,summer,1,11,guti saro,1,2,
2015,summer,1,13,amar palm,31,4,
2015,summer,1,13,aris adsc,10,2,
2015,summer,1,13,bout aris,128,30,
2015,summer,1,13,bout barb,1,1,
2015,summer,1,13,chlo virg,45,10,
2015,summer,1,13,erio lemm,1,1,
2015,summer,1,13,pere nana,1,1,
2015,summer,1,13,tali aura,1,1,
2015,summer,1,15,erio lemm,35,18,
2015,summer,1,15,muhl port,2,0.1,
2015,summer,1,15,pere nana,2,1,
2015,summer,1,15,tali aura,1,0.1,
2015,summer,1,17,acac cons,1,1,
2015,summer,1,17,aris adsc,77,10,
2015,summer,1,17,bout aris,270,25,
2015,summer,1,17,pani hirt,1,1,
2015,summer,1,31,acac cons,1,0.1,
2015,summer,1,31,amar palm,1,0.1,
2015,summer,1,31,aris adsc,8,0.1,
2015,summer,1,31,atri acan,1,3,
2015,summer,1,31,boer torr,1,0.1,
2015,summer,1,31,bout aris,427,20,
2015,summer,1,31,erio aber,1,1,
2015,summer,1,33,aris adsc,32,1,
2015,summer,1,33,boer torr,3,0.1,
2015,summer,1,33,bout aris,304,20,
2015,summer,1,33,erio aber,4,5,
2015,summer,1,33,euph serp,1,0.1,
2015,summer,1,33,tali aura,1,5,
2015,summer,1,35,acac cons,1,0.1,
2015,summer,1,35,amar palm,1,0.1,
2015,summer,1,35,bout aris,15,1,
2015,summer,1,35,bout barb,2,0.1,
2015,summer,1,35,euph serp,31,1,
2015,summer,1,35,tide lanu,1,0.1,
2015,summer,1,37,amar palm,9,1,
2015,summer,1,37,boer inte,3,2,
2015,summer,1,37,boer sp,2,0.1,
2015,summer,1,37,bout aris,76,10,
2015,summer,1,37,bout barb,1,0.1,
2015,summer,1,37,kall cali,1,1,
2015,summer,1,37,muhl port,1,1,
2015,summer,1,51,aris adsc,84,12,
2015,summer,1,51,bout aris,285,30,
2015,summer,1,53,amar palm,7,2,
2015,summer,1,53,aris adsc,48,10,
2015,summer,1,53,boer torr,1,1,
2015,summer,1,53,bout aris,411,35,
2015,summer,1,53,erio aber,4,7,
2015,summer,1,53,pani hirt,1,1,
2015,summer,1,55,aris adsc,1,1,
2015,summer,1,55,bout aris,4,2,
2015,summer,1,57,acac cons,6,2,
2015,summer,1,57,aris adsc,2,1,
2015,summer,1,57,bout aris,35,5,
2015,summer,1,57,guti saro,1,25,
2015,summer,1,71,amar palm,4,1,
2015,summer,1,71,aris adsc,3,0.1,
2015,summer,1,71,bout aris,54,2,
2015,summer,1,71,ephe trif,1,3,
2015,summer,1,71,erio aber,1,1,
2015,summer,1,73,amar palm,90,1,
2015,summer,1,73,aris adsc,9,0.1,
2015,summer,1,73,boer inte,1,0.1,
2015,summer,1,73,bout aris,206,10,
2015,summer,1,73,euph serp,1,0.1,
2015,summer,1,75,acac cons,1,0.1,
2015,summer,1,75,amar palm,192,10,
2015,summer,1,75,aris adsc,10,0.1,
2015,summer,1,75,bout aris,134,8,
2015,summer,1,75,bout barb,1,0.1,
2015,summer,1,75,pani ariz,3,0.1,
2015,summer,1,75,tali sp,1,0.1,
2015,summer,1,77,amar palm,9,3,
2015,summer,1,77,aris adsc,11,5,
2015,summer,1,77,bout aris,195,25,
2015,summer,1,77,bout barb,1,1,
2015,summer,2,11,amar palm,13,1,
2015,summer,2,11,aris adsc,10,0.1,
2015,summer,2,11,bout aris,130,5,
2015,summer,2,11,bout barb,1,0.1,
2015,summer,2,11,pani sp,2,0.1,
2015,summer,2,13,amar palm,2,1,
2015,summer,2,13,aris adsc,1,0.1,
2015,summer,2,13,bout aris,129,10,
2015,summer,2,13,pani hirt,1,0.1,
2015,summer,2,13,tide lanu,1,0.1,
2015,summer,2,15,acac cons,1,1,
2015,summer,2,15,amar palm,6,2,
2015,summer,2,15,aris adsc,4,2,
2015,summer,2,15,bout aris,74,10,
2015,summer,2,15,bout barb,3,1,
2015,summer,2,15,euph serr,1,1,
2015,summer,2,15,tali angu,1,5,
2015,summer,2,17,acac cons,1,1,
2015,summer,2,17,amar palm,12,2,
2015,summer,2,17,aris adsc,2,1,
2015,summer,2,17,boer inte,2,1,
2015,summer,2,17,boer torr,1,1,
2015,summer,2,17,bout aris,133,10,
2015,summer,2,17,bout barb,2,1,
2015,summer,2,17,erag lehm,1,4,
2015,summer,2,17,tide lanu,2,1,
2015,summer,2,31,amar palm,8,2,
2015,summer,2,31,aris adsc,37,5,
2015,summer,2,31,bout aris,117,15,
2015,summer,2,31,tali aura,1,1,
2015,summer,2,33,aris adsc,32,2,
2015,summer,2,33,bout aris,237,25,
2015,summer,2,33,erio aber,1,0.1,
2015,summer,2,35,amar palm,23,3,
2015,summer,2,35,aris adsc,1,0.1,
2015,summer,2,35,erio lemm,80,23,
2015,summer,2,35,sida phys,2,0.1,
2015,summer,2,37,amar palm,4,2,
2015,summer,2,37,erio lemm,10,2,
2015,summer,2,51,acac cons,5,5,
2015,summer,2,51,amar palm,25,4,
2015,summer,2,51,aris adsc,3,1,
2015,summer,2,51,boer torr,12,1,
2015,summer,2,51,bout aris,159,15,
2015,summer,2,51,bout barb,1,1,
2015,summer,2,51,dale brac,1,1,
2015,summer,2,51,erag lehm,3,20,
2015,summer,2,51,erio aber,1,1,
2015,summer,2,51,pani hirt,2,1,
2015,summer,2,51,sida spin,3,2,
2015,summer,2,53,acac cons,1,1,
2015,summer,2,53,amar palm,34,5,
2015,summer,2,53,bout barb,1,1,
2015,summer,2,55,amar palm,30,10,
2015,summer,2,55,bout barb,1,1,
2015,summer,2,55,guti saro,1,8,
2015,summer,2,55,pani hirt,2,1,
2015,summer,2,55,sida spin,2,1,
2015,summer,2,55,tali angu,1,1,
2015,summer,2,55,tide lanu,2,2,
2015,summer,2,55,trag bert,3,1,
2015,summer,2,57,acac cons,1,1,
2015,summer,2,57,amar palm,24,2,
2015,summer,2,57,aris adsc,29,5,
2015,summer,2,57,boer sp,1,1,
2015,summer,2,57,bout aris,131,25,
2015,summer,2,57,bout barb,9,1,
2015,summer,2,57,dale brac,1,1,
2015,summer,2,57,erag lehm,1,5,
2015,summer,2,57,pani hirt,1,1,
2015,summer,2,71,acac cons,3,1,
2015,summer,2,71,amar palm,91,15,
2015,summer,2,71,bout aris,20,0.1,
2015,summer,2,71,cass lept,1,0.1,
2015,summer,2,71,erag lehm,1,0.1,
2015,summer,2,71,erio lemm,1,0.1,
2015,summer,2,71,pani hirt,1,0.1,
2015,summer,2,71,tali aura,1,1,
2015,summer,2,73,amar palm,10,1,
2015,summer,2,73,erio lemm,6,1,
2015,summer,2,73,muhl port,4,40,
2015,summer,2,75,acac cons,3,1,
2015,summer,2,75,amar palm,110,5,
2015,summer,2,75,boer torr,4,1,
2015,summer,2,75,bout aris,12,1,
2015,summer,2,75,bout barb,4,0.1,
2015,summer,2,75,erio lemm,5,1,
2015,summer,2,75,pani hirt,4,1,
2015,summer,2,75,tali angu,1,2,
2015,summer,2,75,tide lanu,10,1,
2015,summer,2,77,acac cons,1,1,
2015,summer,2,77,amar palm,5,0.1,
2015,summer,2,77,aris adsc,10,0.1,
2015,summer,2,77,bout aris,145,10,
2015,summer,2,77,erio aber,12,2,
2015,summer,3,11,amar palm,73,10,
2015,summer,3,11,erio lemm,12,2,
2015,summer,3,11,hete suba,1,1,
2015,summer,3,13,amar palm,232,10,
2015,summer,3,13,aris adsc,11,1,
2015,summer,3,13,bout aris,19,1,
2015,summer,3,13,bout barb,2,0.1,
2015,summer,3,13,erio lemm,1,0.1,
2015,summer,3,13,tide lanu,1,0.1,
2015,summer,3,15,aris adsc,60,10,
2015,summer,3,15,bout aris,111,10,
2015,summer,3,17,amar palm,10,2,
2015,summer,3,17,aris adsc,34,4,
2015,summer,3,17,boer torr,1,0.1,
2015,summer,3,17,bout aris,77,6,
2015,summer,3,31,acac greg,1,15,
2015,summer,3,31,amar palm,34,2,
2015,summer,3,31,annu gras,1,1,
2015,summer,3,31,aris adsc,22,1,
2015,summer,3,31,bout aris,329,20,
2015,summer,3,31,bout barb,1,1,
2015,summer,3,31,tali angu,3,2,
2015,summer,3,33,amar palm,11,2,
2015,summer,3,33,aris adsc,56,8,
2015,summer,3,33,boer torr,3,1,
2015,summer,3,33,bout aris,91,10,
2015,summer,3,33,bout barb,5,2,
2015,summer,3,33,tali angu,4,3,
2015,summer,3,35,amar palm,6,1,
2015,summer,3,35,aris adsc,61,8,
2015,summer,3,35,bout aris,393,50,
2015,summer,3,35,bout barb,4,2,
2015,summer,3,35,pani hirt,1,1,
2015,summer,3,37,aris adsc,12,1,
2015,summer,3,37,bout aris,337,30,
2015,summer,3,37,bout barb,1,1,
2015,summer,3,37,tali angu,5,2,
2015,summer,3,51,aris adsc,66,3,
2015,summer,3,51,bout aris,480,40,
2015,summer,3,51,dale brac,1,0.1,
2015,summer,3,51,tali angu,1,1,
2015,summer,3,53,amar palm,6,0.1,
2015,summer,3,53,aris adsc,32,1,
2015,summer,3,53,bout aris,168,6,
2015,summer,3,53,dale pogo,1,0.1,
2015,summer,3,53,tali aura,2,2,
2015,summer,3,55,amar palm,1,0.1,
2015,summer,3,55,aris adsc,154,20,
2015,summer,3,55,bout aris,138,18,
2015,summer,3,55,tali aura,1,0.1,
2015,summer,3,57,amar palm,1,0.1,
2015,summer,3,57,aris adsc,282,85,
2015,summer,3,57,bout aris,75,20,
2015,summer,3,57,tali aura,1,0.1,
2015,summer,3,71,amar palm,36,1,
2015,summer,3,71,aris adsc,8,3,
2015,summer,3,71,bout aris,231,6,
2015,summer,3,71,bout barb,1,0.1,
2015,summer,3,73,amar palm,2,1,
2015,summer,3,73,aris adsc,49,5,
2015,summer,3,73,boer sp,2,1,
2015,summer,3,73,bout aris,260,35,
2015,summer,3,73,bout barb,2,1,
2015,summer,3,73,tali angu,1,1,
2015,summer,3,75,aris adsc,123,20,
2015,summer,3,75,bout aris,8,2,
2015,summer,3,77,aris adsc,46,3,
2015,summer,3,77,bout aris,492,35,
2015,summer,3,77,tali angu,4,4,
2015,summer,4,11,aris adsc,89,20,
2015,summer,4,11,bout aris,157,20,
2015,summer,4,11,sola elea,2,2,
2015,summer,4,13,aris adsc,47,10,
2015,summer,4,13,bout aris,167,15,
2015,summer,4,15,aris adsc,30,7,
2015,summer,4,15,bout aris,190,20,
2015,summer,4,17,aris adsc,47,7,
2015,summer,4,17,boer torr,1,1,
2015,summer,4,17,bout aris,33,5,
2015,summer,4,17,erag lehm,2,2,
2015,summer,4,17,erio lemm,2,2,
2015,summer,4,17,hila muti,1,1,
2015,summer,4,17,sola elea,1,1,
2015,summer,4,17,tide lanu,3,3,
2015,summer,4,31,aris adsc,9,1,
2015,summer,4,31,bout aris,286,50,
2015,summer,4,31,erag lehm,2,2,
2015,summer,4,33,aris adsc,24,1,
2015,summer,4,33,bout aris,95,18,
2015,summer,4,33,hapl tenu,1,1,
2015,summer,4,33,sola elea,1,1,
2015,summer,4,35,aris adsc,66,8,
2015,summer,4,35,bout aris,29,6,
2015,summer,4,35,erag lehm,2,20,
2015,summer,4,35,erio aber,1,0.1,
2015,summer,4,35,tide lanu,1,0.1,
2015,summer,4,37,amar palm,2,0.1,
2015,summer,4,37,aris adsc,78,15,
2015,summer,4,37,bout aris,34,10,
2015,summer,4,37,hapl tenu,2,3,
2015,summer,4,37,tide lanu,1,0.1,
2015,summer,4,51,aris adsc,19,1,
2015,summer,4,51,bout aris,128,7,
2015,summer,4,51,euph serp,1,0.1,
2015,summer,4,51,tide lanu,1,0.1,
2015,summer,4,53,aris adsc,23,5,
2015,summer,4,53,boer sp,1,0.1,
2015,summer,4,53,boer torr,3,2,
2015,summer,4,53,bout aris,185,15,
2015,summer,4,53,tide lanu,1,2,
2015,summer,4,55,aris adsc,5,1,
2015,summer,4,55,bout aris,217,17,
2015,summer,4,55,tali aura,2,3,
2015,summer,4,57,amar palm,2,1,
2015,summer,4,57,aris adsc,32,5,
2015,summer,4,57,bout aris,96,13,
2015,summer,4,57,bout barb,1,1,
2015,summer,4,57,tide lanu,1,1,
2015,summer,4,71,aris adsc,1,0.1,
2015,summer,4,71,boer torr,1,0.1,
2015,summer,4,71,bout aris,196,4,
2015,summer,4,71,bout barb,1,0.1,
2015,summer,4,73,aris adsc,24,2,
2015,summer,4,73,bout aris,241,30,
2015,summer,4,73,erio aber,11,10,
2015,summer,4,75,acac cons,1,0.1,
2015,summer,4,75,amar palm,3,0.1,
2015,summer,4,75,aris adsc,23,5,
2015,summer,4,75,bout aris,231,40,
2015,summer,4,75,erag lehm,1,0.1,
2015,summer,4,75,trid pulc,1,0.1,
2015,summer,4,77,aris adsc,55,15,
2015,summer,4,77,bout aris,89,10,
2015,summer,4,77,hapl spin,4,5,
2015,summer,4,77,sola elea,1,1,
2015,summer,5,11,aris adsc,224,85,
2015,summer,5,11,bout aris,86,60,
2015,summer,5,11,pani hirt,1,0.1,
2015,summer,5,13,aris adsc,22,2,
2015,summer,5,13,bout aris,2,1,
2015,summer,5,13,hoff dens,1,1,
2015,summer,5,13,kall cali,1,0.1,
2015,summer,5,15,aris adsc,75,20,
2015,summer,5,15,boer inte,1,1,
2015,summer,5,15,bout aris,110,15,
2015,summer,5,17,aris adsc,102,25,
2015,summer,5,17,bout aris,132,10,
2015,summer,5,17,tide lanu,1,0.1,
2015,summer,5,31,aris adsc,52,3,
2015,summer,5,31,bout aris,19,2,
2015,summer,5,31,tali aura,1,1,
2015,summer,5,33,aris adsc,96,4,
2015,summer,5,33,bout aris,94,15,
2015,summer,5,33,hoff dens,3,1,
2015,summer,5,33,tali angu,1,1,
2015,summer,5,35,aris adsc,125,40,
2015,summer,5,35,bout aris,57,5,
2015,summer,5,35,sola elea,2,2,
2015,summer,5,37,aris adsc,10,1,
2015,summer,5,37,bout aris,40,5,
2015,summer,5,37,pani hirt,1,0.1,
2015,summer,5,37,tali aura,2,3,
2015,summer,5,51,aris adsc,57,9,
2015,summer,5,51,bout aris,148,15,
2015,summer,5,53,aris adsc,94,15,
2015,summer,5,53,bout aris,152,20,
2015,summer,5,53,bout barb,1,0.1,
2015,summer,5,53,dale pogo,3,1,
2015,summer,5,53,pani ariz,1,0.1,
2015,summer,5,55,acac cons,3,2,
2015,summer,5,55,amar palm,1,0.1,
2015,summer,5,55,aris adsc,40,6,
2015,summer,5,55,bout aris,32,5,
2015,summer,5,55,muhl port,1,7,
2015,summer,5,55,tali angu,2,3,
2015,summer,5,55,tide lanu,1,0.1,
2015,summer,5,55,zinn gran,1,25,
2015,summer,5,57,aris adsc,42,7,
2015,summer,5,57,bout aris,194,35,
2015,summer,5,57,sola elea,1,2,
2015,summer,5,57,tide lanu,1,1,
2015,summer,5,71,aris adsc,131,15,
2015,summer,5,71,bout aris,245,40,
2015,summer,5,73,aris adsc,36,5,
2015,summer,5,73,bout aris,271,25,
2015,summer,5,75,aris adsc,10,1,
2015,summer,5,75,bout aris,11,1,
2015,summer,5,77,amar palm,25,8,
2015,summer,5,77,aris adsc,6,1,
2015,summer,5,77,bout aris,5,1,
2015,summer,5,77,tide lanu,2,2,
2015,summer,6,11,acac cons,1,15,
2015,summer,6,11,aris adsc,1,0.1,
2015,summer,6,11,bout aris,26,3,
2015,summer,6,11,bric eupa,1,0.1,
2015,summer,6,11,sola elea,2,2,
2015,summer,6,13,amar palm,2,0.1,
2015,summer,6,13,aris adsc,1,0.1,
2015,summer,6,13,bout aris,60,6,
2015,summer,6,13,bout barb,7,2,
2015,summer,6,13,euph serp,4,1,
2015,summer,6,15,acac cons,1,25,
2015,summer,6,15,amar palm,11,2,
2015,summer,6,15,aris adsc,40,4,
2015,summer,6,15,bout aris,178,30,
2015,summer,6,15,bout barb,11,2,
2015,summer,6,15,guti saro,1,2,
2015,summer,6,17,amar palm,4,2,
2015,summer,6,17,aris adsc,11,1,
2015,summer,6,17,boer inte,7,1,
2015,summer,6,17,bout aris,257,50,
2015,summer,6,17,bout barb,3,1,
2015,summer,6,17,pani ariz,1,0.1,
2015,summer,6,17,pani hirt,1,0.1,
2015,summer,6,17,tali aura,1,1,
2015,summer,6,17,tide lanu,1,0.1,
2015,summer,6,31,aris adsc,47,9,
2015,summer,6,31,bout aris,101,15,
2015,summer,6,31,bout barb,6,2,
2015,summer,6,31,tide lanu,1,0.1,
2015,summer,6,33,amar palm,2,1,
2015,summer,6,33,aris adsc,39,6,
2015,summer,6,33,boer torr,1,0.1,
2015,summer,6,33,bout aris,48,3,
2015,summer,6,33,bout barb,2,1,
2015,summer,6,35,amar palm,1,1,
2015,summer,6,35,aris adsc,13,2,
2015,summer,6,35,bout aris,36,5,
2015,summer,6,35,euph serp,2,1,
2015,summer,6,35,bric eupa,1,0.1,guti saro
2015,summer,6,37,amar palm,2,0.1,
2015,summer,6,37,aris adsc,15,2,
2015,summer,6,37,bout aris,153,35,
2015,summer,6,37,muhl port,1,3,
2015,summer,6,37,pani ariz,1,1,
2015,summer,6,51,acac cons,1,5,
2015,summer,6,51,aris adsc,24,5,
2015,summer,6,51,bout aris,12,3,
2015,summer,6,53,acac cons,1,3,
2015,summer,6,53,amar palm,4,1,
2015,summer,6,53,aris adsc,23,2,
2015,summer,6,53,bout aris,40,4,
2015,summer,6,53,pani hirt,3,0.1,
2015,summer,6,55,amar palm,3,1,
2015,summer,6,55,aris adsc,22,1,
2015,summer,6,55,bout aris,131,15,
2015,summer,6,55,bout barb,2,0.1,
2015,summer,6,57,acac cons,3,6,
2015,summer,6,57,amar palm,6,2,
2015,summer,6,57,aris adsc,18,3,
2015,summer,6,57,boer inte,1,0.1,
2015,summer,6,57,bout aris,73,10,
2015,summer,6,57,bout barb,1,0.1,
2015,summer,6,57,hoff dens,1,0.1,
2015,summer,6,57,pani hirt,2,0.1,
2015,summer,6,57,tide lanu,4,1,
2015,summer,6,71,amar palm,1,0.1,
2015,summer,6,71,aris adsc,20,3,
2015,summer,6,71,bout aris,221,12,
2015,summer,6,71,tide lanu,1,0.1,
2015,summer,6,73,aris adsc,7,1,
2015,summer,6,73,atri acan,1,1,
2015,summer,6,73,bout aris,153,7,
2015,summer,6,73,bout barb,1,0.1,
2015,summer,6,75,aris adsc,12,2,
2015,summer,6,75,bout aris,98,10,
2015,summer,6,75,bout barb,2,1,
2015,summer,6,75,euph serr,2,1,
2015,summer,6,77,acac cons,3,60,
2015,summer,6,77,amar palm,44,8,
2015,summer,6,77,aris adsc,5,0.1,
2015,summer,6,77,boer inte,1,0.1,
2015,summer,6,77,bout aris,1,0.1,
2015,summer,6,77,erag lehm,4,3,
2015,summer,6,77,pseu cane,1,1,
2015,summer,6,77,tide lanu,1,0.1,
2015,summer,7,11,acac cons,6,1,
2015,summer,7,11,amar palm,2,1,
2015,summer,7,11,annu gras,1,0.1,
2015,summer,7,11,aris adsc,6,3,
2015,summer,7,11,bout aris,9,3,
2015,summer,7,11,bout barb,2,1,
2015,summer,7,11,pani sp,1,0.1,
2015,summer,7,13,amar palm,4,1,
2015,summer,7,13,aris adsc,44,7,
2015,summer,7,13,boer torr,1,0.1,
2015,summer,7,13,bout aris,29,5,
2015,summer,7,13,tide lanu,3,1,
2015,summer,7,15,aris adsc,2,0.1,
2015,summer,7,15,bout aris,1,0.1,
2015,summer,7,17,acac cons,1,1,
2015,summer,7,17,alli inca,1,0.1,
2015,summer,7,17,aris adsc,8,0.1,
2015,summer,7,17,bout aris,59,3,
2015,summer,7,17,kall hirs,1,0.1,
2015,summer,7,31,acac cons,2,15,
2015,summer,7,31,aris adsc,5,2,
2015,summer,7,31,boer torr,1,0.1,
2015,summer,7,31,bout aris,31,5,
2015,summer,7,31,euph micr,1,0.1,
2015,summer,7,31,euph serp,1,0.1,
2015,summer,7,31,euph serr,1,0.1,
2015,summer,7,33,alli inca,1,0.1,
2015,summer,7,33,aris adsc,20,0.1,
2015,summer,7,33,bout aris,35,3,
2015,summer,7,35,acac cons,1,1,
2015,summer,7,35,aris adsc,96,12,
2015,summer,7,35,boer torr,3,0.1,
2015,summer,7,35,bout aris,48,15,
2015,summer,7,35,bout barb,1,0.1,
2015,summer,7,35,dale brac,1,0.1,
2015,summer,7,35,euph micr,1,0.1,
2015,summer,7,35,euph serp,1,0.1,
2015,summer,7,35,pani hirt,2,0.1,
2015,summer,7,35,tide lanu,1,0.1,
2015,summer,7,37,alli inca,1,2,
2015,summer,7,37,aris adsc,19,1,
2015,summer,7,37,boer inte,2,0.1,
2015,summer,7,37,boer sp,2,0.1,
2015,summer,7,37,bout aris,1,0.1,
2015,summer,7,37,erag lehm,1,2,
2015,summer,7,37,muhl port,1,2,
2015,summer,7,37,pani ariz,1,0.1,
2015,summer,7,37,pani sp,1,0.1,
2015,summer,7,37,tali aura,1,0.1,
2015,summer,7,51,alli inca,2,1,
2015,summer,7,51,aris adsc,6,2,
2015,summer,7,51,boer sp,2,0.1,
2015,summer,7,51,boer torr,1,0.1,
2015,summer,7,51,bout aris,29,4,
2015,summer,7,51,euph serp,1,0.1,
2015,summer,7,51,sida phys,2,1,
2015,summer,7,53,alli inca,7,10,
2015,summer,7,53,aris adsc,31,8,
2015,summer,7,53,bout aris,40,5,
2015,summer,7,53,bout barb,3,1,
2015,summer,7,53,euph serr,1,1,
2015,summer,7,55,acac cons,1,60,
2015,summer,7,55,aris adsc,66,10,
2015,summer,7,55,boer torr,1,1,
2015,summer,7,55,bout aris,40,5,
2015,summer,7,55,pani ariz,3,1,
2015,summer,7,55,pani hirt,3,1,
2015,summer,7,55,tide lanu,1,1,
2015,summer,7,57,alli inca,2,4,
2015,summer,7,57,aris adsc,33,2,
2015,summer,7,57,boer inte,1,1,
2015,summer,7,57,bout aris,26,5,
2015,summer,7,57,bout barb,24,3,
2015,summer,7,57,pani ariz,1,0.1,
2015,summer,7,57,pani hirt,2,1,
2015,summer,7,73,acac cons,7,60,
2015,summer,7,73,aris adsc,7,1,
2015,summer,7,73,bout aris,4,1,
2015,summer,7,73,bout barb,1,0.1,
2015,summer,7,73,euph serp,3,1,
2015,summer,7,73,euph serr,4,2,
2015,summer,7,75,amar palm,1,0.1,
2015,summer,7,75,aris adsc,48,7,
2015,summer,7,75,bout aris,26,3,
2015,summer,7,75,bout barb,3,1,
2015,summer,7,75,pani hirt,1,0.1,
2015,summer,7,77,acac cons,2,1,
2015,summer,7,77,amar palm,52,5,
2015,summer,7,77,aris adsc,55,7,
2015,summer,7,77,bout aris,51,5,
2015,summer,7,77,chlo virg,2,0.1,
2015,summer,7,77,pani sp,5,0.1,
2015,summer,8,11,acac cons,1,0.1,
2015,summer,8,11,amar palm,38,3,
2015,summer,8,11,aris adsc,4,1,
2015,summer,8,11,bout aris,219,17,
2015,summer,8,11,bout barb,16,3,
2015,summer,8,11,erio aber,1,1,
2015,summer,8,13,aris adsc,27,2,
2015,summer,8,13,bout aris,397,30,
2015,summer,8,13,tali aura,1,1,
2015,summer,8,15,amar palm,36,5,
2015,summer,8,15,aris adsc,2,0.1,
2015,summer,8,15,bout aris,3,1,
2015,summer,8,15,erio lemm,7,3,
2015,summer,8,15,guti saro,1,75,
2015,summer,8,17,acac cons,1,75,
2015,summer,8,17,amar palm,85,15,
2015,summer,8,17,bout aris,2,1,
2015,summer,8,17,erio lemm,16,5,
2015,summer,8,17,guti saro,1,15,
2015,summer,8,31,amar palm,18,1,
2015,summer,8,31,aris adsc,10,0.1,
2015,summer,8,31,boer inte,2,0.1,
2015,summer,8,31,bout aris,216,10,
2015,summer,8,31,tide lanu,2,0.1,
2015,summer,8,33,amar palm,2,1,
2015,summer,8,33,aris adsc,48,10,
2015,summer,8,33,bout aris,55,15,
2015,summer,8,35,acac cons,1,25,
2015,summer,8,35,aris adsc,21,0.1,
2015,summer,8,35,bout aris,205,10,
2015,summer,8,35,erio aber,2,0.1,
2015,summer,8,35,tali aura,1,2,
2015,summer,8,37,acac cons,2,2,
2015,summer,8,37,aris adsc,85,2,
2015,summer,8,37,bout aris,448,15,
2015,summer,8,37,tali aura,1,1,
2015,summer,8,51,acac cons,3,2,
2015,summer,8,51,amar palm,7,1,
2015,summer,8,51,aris adsc,28,1,
2015,summer,8,51,bout aris,212,10,
2015,summer,8,53,acac cons,1,0.1,
2015,summer,8,53,aris adsc,26,0.1,
2015,summer,8,53,bout aris,175,30,
2015,summer,8,53,tide lanu,3,1,
2015,summer,8,55,acac cons,1,2,
2015,summer,8,55,amar palm,1,0.1,
2015,summer,8,55,aris adsc,37,2,
2015,summer,8,55,bout aris,138,11,
2015,summer,8,55,sola elea,1,1,
2015,summer,8,57,aris adsc,88,10,
2015,summer,8,57,bout aris,310,35,
2015,summer,8,57,erig sp,1,1,
2015,summer,8,57,pani sp,1,0.1,
2015,summer,8,57,sola elea,1,1,
2015,summer,8,57,tide lanu,1,1,
2015,summer,8,71,amar palm,1,0.1,
2015,summer,8,71,aris adsc,1,0.1,
2015,summer,8,71,boer sp,1,0.1,
2015,summer,8,71,boer torr,1,1,
2015,summer,8,71,bout aris,58,6,
2015,summer,8,71,euph serp,2,0.1,
2015,summer,8,71,euph serr,1,0.1,
2015,summer,8,73,aris adsc,13,3,
2015,summer,8,73,bout aris,321,15,
2015,summer,8,73,muhl port,1,0.1,
2015,summer,8,75,aris adsc,13,4,
2015,summer,8,75,boer torr,1,1,
2015,summer,8,75,bout aris,139,15,
2015,summer,8,75,erio aber,2,3,
2015,summer,8,77,aris adsc,58,4,
2015,summer,8,77,bout aris,444,35,
2015,summer,8,77,sola elea,3,7,
2015,summer,9,11,aris adsc,77,5,
2015,summer,9,11,bout aris,264,10,
2015,summer,9,11,tali aura,2,1,
2015,summer,9,13,amar palm,11,1,
2015,summer,9,13,aris adsc,40,15,
2015,summer,9,13,bout aris,79,10,
2015,summer,9,13,cass lept,2,0.1,
2015,summer,9,13,pros glan,1,25,
2015,summer,9,15,acac cons,1,2,
2015,summer,9,15,aris adsc,116,25,
2015,summer,9,15,bout aris,56,15,
2015,summer,9,15,erag lehm,1,10,
2015,summer,9,15,pani sp,1,0.1,
2015,summer,9,17,amar palm,1,0.1,
2015,summer,9,17,aris adsc,13,1,
2015,summer,9,17,bout aris,274,17,
2015,summer,9,31,acac cons,1,15,
2015,summer,9,31,aris adsc,3,1,
2015,summer,9,31,bout aris,47,4,
2015,summer,9,31,trid pulc,3,5,
2015,summer,9,33,aris adsc,40,7,
2015,summer,9,33,bout aris,335,30,
2015,summer,9,35,acac cons,1,0.1,
2015,summer,9,35,aris adsc,37,3,
2015,summer,9,35,boer inte,1,1,
2015,summer,9,35,bout aris,388,35,
2015,summer,9,35,bout barb,2,1,
2015,summer,9,37,aris adsc,16,3,
2015,summer,9,37,bout aris,257,30,
2015,summer,9,51,aris adsc,14,2,
2015,summer,9,51,bout aris,310,20,
2015,summer,9,51,erag sp,1,1,
2015,summer,9,51,guti saro,1,4,
2015,summer,9,51,trid pulc,1,4,
2015,summer,9,51,zinn pumi,1,0.1,
2015,summer,9,53,aris adsc,159,25,
2015,summer,9,53,bout aris,241,20,
2015,summer,9,53,tali aura,1,0.1,
2015,summer,9,55,aris adsc,35,1,
2015,summer,9,55,bout aris,197,13,
2015,summer,9,55,pect papp,1,0.1,
2015,summer,9,57,acac cons,1,2,
2015,summer,9,57,aris adsc,20,0.1,
2015,summer,9,57,bout aris,117,5,
2015,summer,9,71,aris adsc,6,0.1,
2015,summer,9,71,bout aris,61,4,
2015,summer,9,71,guti saro,1,2,
2015,summer,9,73,aris adsc,15,0.1,
2015,summer,9,73,boer torr,3,0.1,
2015,summer,9,73,bout aris,131,4,
2015,summer,9,75,aris adsc,24,1,
2015,summer,9,75,bout aris,93,6,
2015,summer,9,75,muhl port,1,30,
2015,summer,9,75,pani ariz,1,1,
2015,summer,9,75,tali aura,1,0.1,
2015,summer,9,77,aris adsc,43,2,
2015,summer,9,77,bout aris,152,3,
2015,summer,9,77,pani ariz,1,0.1,
2015,summer,9,77,pani sp,1,0.1,
2015,summer,10,11,acac cons,1,6,
2015,summer,10,11,ambr arte,1,1,
2015,summer,10,11,aris adsc,18,2,
2015,summer,10,11,boer inte,1,0.1,
2015,summer,10,11,bout aris,44,3,
2015,summer,10,11,dale brac,1,0.1,
2015,summer,10,11,euph serp,2,0.1,
2015,summer,10,11,euph serr,1,0.1,
2015,summer,10,13,alli inca,1,1,
2015,summer,10,13,aris adsc,193,55,
2015,summer,10,13,bout aris,46,30,
2015,summer,10,13,dale brac,1,0.1,
2015,summer,10,15,aris adsc,52,15,
2015,summer,10,15,bout aris,203,15,
2015,summer,10,15,erio aber,2,5,
2015,summer,10,15,tali aura,1,1,
2015,summer,10,17,amar palm,3,1,
2015,summer,10,17,aris adsc,114,25,
2015,summer,10,17,bout aris,173,30,
2015,summer,10,17,dale pogo,1,0.1,
2015,summer,10,17,guti saro,1,1,
2015,summer,10,17,laen coul,1,2,
2015,summer,10,31,aris adsc,56,15,
2015,summer,10,31,bout aris,38,10,
2015,summer,10,31,dale brac,1,0.1,
2015,summer,10,31,tali angu,2,3,
2015,summer,10,31,tali aura,2,3,
2015,summer,10,33,aris adsc,32,3,
2015,summer,10,33,bout aris,9,1,
2015,summer,10,33,erio aber,2,8,
2015,summer,10,33,tali aura,2,3,
2015,summer,10,35,aris adsc,95,15,
2015,summer,10,35,bout aris,87,20,
2015,summer,10,35,pani ariz,1,0.1,
2015,summer,10,35,tali aura,1,1,
2015,summer,10,37,aris adsc,35,3,
2015,summer,10,37,bout aris,278,15,
2015,summer,10,37,dale brac,1,0.1,
2015,summer,10,37,tali sp,1,0.1,
2015,summer,10,51,aris adsc,89,10,
2015,summer,10,51,bout aris,5,2,
2015,summer,10,51,euph serp,1,0.1,
2015,summer,10,53,aris adsc,67,7,
2015,summer,10,53,bout aris,100,7,
2015,summer,10,53,bout barb,3,1,
2015,summer,10,53,dale pogo,1,0.1,
2015,summer,10,53,erio aber,3,7,
2015,summer,10,53,pani hirt,1,0.1,
2015,summer,10,53,sola elea,1,2,
2015,summer,10,53,tali angu,1,1,
2015,summer,10,55,aris adsc,170,20,
2015,summer,10,55,bout aris,385,30,
2015,summer,10,55,dale brac,1,0.1,
2015,summer,10,55,erio aber,1,2,
2015,summer,10,55,tali aura,5,3,
2015,summer,10,57,aris adsc,148,40,
2015,summer,10,57,bout aris,196,45,
2015,summer,10,57,sola elea,1,1,
2015,summer,10,71,aris adsc,8,0.1,
2015,summer,10,71,atri acan,1,3,
2015,summer,10,71,bout aris,1,1,
2015,summer,10,71,tali aura,1,2,
2015,summer,10,73,aris adsc,33,5,
2015,summer,10,73,bout aris,273,30,
2015,summer,10,73,erio aber,4,4,
2015,summer,10,73,pseu cane,1,2,
2015,summer,10,75,aris adsc,73,7,
2015,summer,10,75,boer torr,1,0.1,
2015,summer,10,75,bout aris,156,25,
2015,summer,10,75,dale brac,2,0.1,
2015,summer,10,75,erio aber,1,0.1,
2015,summer,10,77,aris adsc,56,12,
2015,summer,10,77,bout aris,177,15,
2015,summer,11,11,acac cons,9,5,
2015,summer,11,11,amar palm,76,5,
2015,summer,11,11,aris adsc,1,0.1,
2015,summer,11,11,bout aris,76,7,
2015,summer,11,11,bout barb,1,0.1,
2015,summer,11,11,erio aber,5,2,
2015,summer,11,11,hoff dens,1,0.1,
2015,summer,11,13,acac cons,1,0.1,
2015,summer,11,13,amar palm,29,5,
2015,summer,11,13,aris adsc,13,1,
2015,summer,11,13,bout aris,143,10,
2015,summer,11,13,ephe trif,1,0.1,
2015,summer,11,15,amar palm,131,7,
2015,summer,11,15,aris adsc,13,0.1,
2015,summer,11,15,bout aris,92,13,
2015,summer,11,17,amar palm,56,2,
2015,summer,11,17,aris adsc,1,0.1,
2015,summer,11,17,bout aris,113,15,
2015,summer,11,17,bout barb,4,0.1,
2015,summer,11,17,erag lehm,1,0.1,
2015,summer,11,17,pani hirt,1,0.1,
2015,summer,11,17,pani sp,2,0.1,
2015,summer,11,17,tide lanu,3,1,
2015,summer,11,31,amar palm,161,5,
2015,summer,11,31,aris adsc,3,1,
2015,summer,11,31,bout aris,36,3,
2015,summer,11,31,bout barb,1,1,
2015,summer,11,31,pani hirt,1,1,
2015,summer,11,31,pani sp,1,0.1,
2015,summer,11,31,tali angu,1,0.1,
2015,summer,11,31,tide lanu,2,1,
2015,summer,11,33,acac cons,2,1,
2015,summer,11,33,amar palm,1,1,
2015,summer,11,33,bout aris,27,2,
2015,summer,11,33,euph serp,1,0.1,
2015,summer,11,33,pere nana,1,1,
2015,summer,11,35,amar palm,19,4,
2015,summer,11,35,boer sp,1,1,
2015,summer,11,35,bout aris,22,3,
2015,summer,11,37,amar palm,162,7,
2015,summer,11,37,aris adsc,3,1,
2015,summer,11,37,boer torr,1,0.1,
2015,summer,11,37,bout aris,18,2,
2015,summer,11,37,hoff dens,2,1,
2015,summer,11,37,tide lanu,6,2,
2015,summer,11,51,amar palm,2,1,
2015,summer,11,51,annu forb,1,0.1,
2015,summer,11,51,aris adsc,3,1,
2015,summer,11,51,bout aris,2,1,
2015,summer,11,53,acac cons,2,4,
2015,summer,11,53,amar palm,3,1,
2015,summer,11,53,aris adsc,1,0.1,
2015,summer,11,53,bout aris,82,6,
2015,summer,11,53,bout barb,3,1,
2015,summer,11,55,acac cons,1,5,
2015,summer,11,55,amar palm,20,2,
2015,summer,11,55,aris adsc,11,2,
2015,summer,11,55,boer inte,3,1,
2015,summer,11,55,boer torr,2,1,
2015,summer,11,55,bout aris,76,10,
2015,summer,11,55,bout barb,4,1,
2015,summer,11,55,erag lehm,1,3,
2015,summer,11,57,acac cons,2,2,
2015,summer,11,57,amar palm,22,2,
2015,summer,11,57,aris adsc,12,1,
2015,summer,11,57,boer torr,1,0.1,
2015,summer,11,57,bout aris,246,40,
2015,summer,11,57,bout barb,2,1,
2015,summer,11,57,chlo virg,1,1,
2015,summer,11,71,acac cons,1,0.1,
2015,summer,11,71,amar palm,13,6,
2015,summer,11,71,aris adsc,16,1,
2015,summer,11,71,boer inte,19,2,
2015,summer,11,71,bout aris,139,15,
2015,summer,11,71,euph micr,1,0.1,
2015,summer,11,71,euph serr,1,0.1,
2015,summer,11,73,acac cons,1,0.1,
2015,summer,11,73,amar palm,1,0.1,
2015,summer,11,73,aris adsc,11,1,
2015,summer,11,73,bout aris,23,3,
2015,summer,11,75,acac cons,1,20,
2015,summer,11,75,amar palm,37,3,
2015,summer,11,75,aris adsc,15,1,
2015,summer,11,75,bout aris,157,15,
2015,summer,11,75,ipom cost,1,0.1,
2015,summer,11,77,amar palm,5,3,
2015,summer,11,77,aris adsc,13,1,
2015,summer,11,77,boer torr,1,1,
2015,summer,11,77,bout aris,10,2,
2015,summer,12,11,amar palm,86,5,
2015,summer,12,11,bout aris,6,3,
2015,summer,12,11,pani ariz,1,0.1,
2015,summer,12,11,pani hirt,1,0.1,
2015,summer,12,13,amar palm,46,3,
2015,summer,12,13,aris adsc,10,2,
2015,summer,12,13,boer sp,1,0.1,
2015,summer,12,13,boer torr,1,0.1,
2015,summer,12,13,bout aris,83,15,
2015,summer,12,13,bout barb,4,1,
2015,summer,12,13,euph serp,4,1,
2015,summer,12,15,acac cons,1,0.1,
2015,summer,12,15,amar palm,38,2,
2015,summer,12,15,annu forb,1,0.1,hoff dens
2015,summer,12,15,aris adsc,19,10,
2015,summer,12,15,bout aris,121,20,
2015,summer,12,15,bout barb,1,0.1,
2015,summer,12,17,amar palm,21,2,
2015,summer,12,17,aris adsc,5,1,
2015,summer,12,17,bout aris,291,45,
2015,summer,12,17,bout barb,1,0.1,
2015,summer,12,17,cass lept,1,0.1,
2015,summer,12,31,amar palm,35,2,
2015,summer,12,31,aris adsc,1,0.1,
2015,summer,12,31,boer torr,2,2,
2015,summer,12,31,bout aris,40,7,
2015,summer,12,31,bout barb,4,1,
2015,summer,12,33,amar palm,37,1,
2015,summer,12,33,aris adsc,25,3,
2015,summer,12,33,bout aris,30,2,
2015,summer,12,35,amar palm,17,2,
2015,summer,12,35,aris adsc,5,0.1,
2015,summer,12,35,bout aris,15,1,
2015,summer,12,35,sola elea,1,1,
2015,summer,12,37,amar palm,112,15,
2015,summer,12,37,aris adsc,9,1,
2015,summer,12,37,bout aris,2,0.1,
2015,summer,12,37,erio lemm,5,1,
2015,summer,12,37,pani ariz,2,0.1,
2015,summer,12,51,amar palm,28,3,
2015,summer,12,51,aris adsc,12,0.1,
2015,summer,12,51,bout aris,166,10,
2015,summer,12,51,pani ariz,1,0.1,
2015,summer,12,53,acac cons,2,0.1,
2015,summer,12,53,amar palm,30,5,
2015,summer,12,53,aris adsc,1,1,
2015,summer,12,53,bout aris,4,2,
2015,summer,12,53,bout barb,1,1,
2015,summer,12,53,euph serp,17,2,
2015,summer,12,53,pect papp,3,1,
2015,summer,12,55,amar palm,145,5,
2015,summer,12,55,aris adsc,108,20,
2015,summer,12,55,boer torr,3,0.1,
2015,summer,12,55,bout aris,194,25,
2015,summer,12,55,cass bauh,1,2,
2015,summer,12,55,erag inte,11,1,
2015,summer,12,57,amar palm,172,10,
2015,summer,12,57,aris adsc,40,3,
2015,summer,12,57,bout aris,168,30,
2015,summer,12,57,erio lemm,2,1,
2015,summer,12,57,pani hirt,1,0.1,
2015,summer,12,71,amar palm,1,1,
2015,summer,12,71,euph serp,2,0.1,
2015,summer,12,71,pect papp,2,2,
2015,summer,12,73,acac cons,3,2,
2015,summer,12,73,amar palm,13,1,
2015,summer,12,73,aris adsc,70,1,
2015,summer,12,73,bout aris,188,15,
2015,summer,12,75,hoff dens,2,0.1,
2015,summer,12,77,amar palm,97,15,
2015,summer,12,77,aris adsc,3,0.1,
2015,summer,12,77,boer sp,1,0.1,
2015,summer,12,77,bout aris,7,0.1,
2015,summer,12,77,erio lemm,16,1,
2015,summer,12,77,guti saro,1,0.1,
2015,summer,12,77,tali angu,3,4,
2015,summer,13,11,acac cons,1,1,
2015,summer,13,11,amar palm,14,5,
2015,summer,13,11,aris adsc,106,25,
2015,summer,13,11,bail mult,2,1,
2015,summer,13,11,bout aris,372,50,
2015,summer,13,13,amar palm,106,5,
2015,summer,13,13,aris adsc,23,6,
2015,summer,13,13,bout aris,51,10,
2015,summer,13,13,bout barb,1,0.1,
2015,summer,13,13,tali angu,1,5,
2015,summer,13,15,amar palm,1,0.1,
2015,summer,13,15,aris adsc,44,5,
2015,summer,13,15,bout aris,355,33,
2015,summer,13,15,bout barb,1,0.1,
2015,summer,13,15,tali angu,1,0.1,
2015,summer,13,17,acac cons,1,50,
2015,summer,13,17,amar palm,32,4,
2015,summer,13,17,aris adsc,16,5,
2015,summer,13,17,bout aris,20,3,
2015,summer,13,17,bout barb,1,0.1,
2015,summer,13,17,tali angu,1,1,
2015,summer,13,31,amar palm,166,10,
2015,summer,13,31,aris adsc,45,2,
2015,summer,13,31,boer sp,1,0.1,
2015,summer,13,31,boer torr,1,0.1,
2015,summer,13,31,bout aris,1,0.1,
2015,summer,13,31,euro lana,1,25,
2015,summer,13,31,sida spin,1,0.1,
2015,summer,13,31,tide lanu,1,1,
2015,summer,13,33,acac cons,2,45,
2015,summer,13,33,amar palm,1,0.1,
2015,summer,13,33,aris adsc,105,30,
2015,summer,13,33,boer sp,4,1,
2015,summer,13,33,boer torr,4,1,
2015,summer,13,33,bout aris,69,20,
2015,summer,13,33,tali aura,2,1,
2015,summer,13,33,tide lanu,4,1,
2015,summer,13,35,aris adsc,52,10,
2015,summer,13,35,bout aris,162,30,
2015,summer,13,35,bout barb,1,0.1,
2015,summer,13,35,erio aber,1,0.1,
2015,summer,13,37,amar palm,11,3,
2015,summer,13,37,aris adsc,22,5,
2015,summer,13,37,boer inte,1,0.1,
2015,summer,13,37,bout aris,7,2,
2015,summer,13,37,bout barb,1,0.1,
2015,summer,13,37,muhl port,1,0.1,
2015,summer,13,37,pani hirt,1,0.1,
2015,summer,13,37,tali angu,1,2,
2015,summer,13,51,acac cons,1,2,
2015,summer,13,51,amar palm,4,1,
2015,summer,13,51,aris adsc,16,1,
2015,summer,13,51,boer sp,7,2,
2015,summer,13,51,bout aris,71,5,
2015,summer,13,51,bout barb,7,1,
2015,summer,13,51,euro lana,3,1,
2015,summer,13,51,sola elea,1,2,
2015,summer,13,53,acac cons,1,0.1,
2015,summer,13,53,amar palm,3,0.1,
2015,summer,13,53,aris adsc,3,0.1,
2015,summer,13,53,boer torr,1,0.1,
2015,summer,13,53,bout aris,5,1,
2015,summer,13,53,bout barb,3,1,
2015,summer,13,55,amar palm,2,1,
2015,summer,13,55,aris adsc,38,8,
2015,summer,13,55,boer sp,4,1,
2015,summer,13,55,boer torr,1,1,
2015,summer,13,55,bout aris,91,7,
2015,summer,13,55,bout barb,4,1,
2015,summer,13,55,kall sp,1,0.1,
2015,summer,13,55,dale pogo,1,0.1,
2015,summer,13,55,pani hirt,1,0.1,
2015,summer,13,55,tali aura,1,1,
2015,summer,13,57,amar palm,46,4,
2015,summer,13,57,aris adsc,6,2,
2015,summer,13,57,bout aris,31,5,
2015,summer,13,57,bout barb,1,1,
2015,summer,13,57,pani hirt,1,0.1,
2015,summer,13,71,aris adsc,17,1,
2015,summer,13,71,bout aris,11,2,
2015,summer,13,71,bout barb,3,1,
2015,summer,13,71,euph serr,1,0.1,
2015,summer,13,73,amar palm,4,1,
2015,summer,13,73,aris adsc,41,5,
2015,summer,13,73,boer inte,11,1,
2015,summer,13,73,bout aris,211,30,
2015,summer,13,73,bout barb,11,1,
2015,summer,13,73,euph serp,1,0.1,
2015,summer,13,73,pani sp,1,1,
2015,summer,13,75,bail mult,1,2,
2015,summer,13,77,acac cons,2,40,
2015,summer,13,77,amar palm,48,3,
2015,summer,13,77,aris adsc,11,1,
2015,summer,13,77,guti saro,1,4,
2015,summer,13,77,muhl port,2,2,
2015,summer,14,11,acac cons,2,0.1,
2015,summer,14,11,aris adsc,38,5,
2015,summer,14,11,bout aris,231,20,
2015,summer,14,13,aris adsc,24,3,
2015,summer,14,13,boer inte,2,1,
2015,summer,14,13,boer sp,4,1,
2015,summer,14,13,bout aris,275,25,
2015,summer,14,13,sida proc,1,0.1,
2015,summer,14,15,acac cons,8,10,
2015,summer,14,15,aris adsc,43,5,
2015,summer,14,15,bout aris,84,5,
2015,summer,14,15,pani hirt,1,0.1,
2015,summer,14,17,acac cons,1,70,
2015,summer,14,17,aris adsc,118,20,
2015,summer,14,17,bout aris,140,15,
2015,summer,14,17,sola elea,1,1,
2015,summer,14,31,aris adsc,28,5,
2015,summer,14,31,bout aris,218,20,
2015,summer,14,31,guti saro,1,5,
2015,summer,14,33,aris adsc,20,5,
2015,summer,14,33,boer inte,1,0.1,
2015,summer,14,33,boer torr,1,0.1,
2015,summer,14,33,bout aris,267,25,
2015,summer,14,35,acac cons,1,1,
2015,summer,14,35,aris adsc,6,3,
2015,summer,14,35,boer inte,4,1,
2015,summer,14,35,bout aris,68,10,
2015,summer,14,35,bout barb,2,0.1,
2015,summer,14,35,muhl port,2,1,
2015,summer,14,37,aris adsc,44,5,
2015,summer,14,37,bout aris,152,17,
2015,summer,14,37,sola elea,1,1,
2015,summer,14,51,acac cons,1,0.1,
2015,summer,14,51,aris adsc,3,0.1,
2015,summer,14,51,bout aris,191,10,
2015,summer,14,51,bout barb,2,1,
2015,summer,14,51,sida sp,1,0.1,
2015,summer,14,53,acac cons,1,20,
2015,summer,14,53,aris adsc,10,0.1,
2015,summer,14,53,boer inte,5,0.1,
2015,summer,14,53,boer torr,10,0.1,
2015,summer,14,53,bout aris,287,40,
2015,summer,14,53,tali angu,2,0.1,
2015,summer,14,55,amar palm,1,0.1,
2015,summer,14,55,aris adsc,54,8,
2015,summer,14,55,boer sp,1,0.1,
2015,summer,14,55,bout aris,80,10,
2015,summer,14,55,bout barb,1,0.1,
2015,summer,14,55,chlo virg,13,1,
2015,summer,14,57,aris adsc,138,25,
2015,summer,14,57,boer sp,1,0.1,
2015,summer,14,57,bout aris,251,40,
2015,summer,14,57,pani hirt,2,0.1,
2015,summer,14,71,aris adsc,1,0.1,
2015,summer,14,71,bail mult,1,10,
2015,summer,14,71,bout barb,1,0.1,
2015,summer,14,73,boer sp,1,1,
2015,summer,14,75,aris adsc,1,0.1,
2015,summer,14,75,bout barb,1,0.1,
2015,summer,14,77,aris adsc,123,17,
2015,summer,14,77,bout aris,114,15,
2015,summer,14,77,dale pogo,1,0.1,
2015,summer,15,11,aris adsc,13,2,
2015,summer,15,11,bout aris,39,4,
2015,summer,15,11,bout barb,1,0.1,
2015,summer,15,11,erio aber,1,0.1,
2015,summer,15,13,amar palm,7,2,
2015,summer,15,13,aris adsc,75,10,
2015,summer,15,13,bout aris,80,5,
2015,summer,15,13,muhl port,1,40,
2015,summer,15,15,acac cons,1,3,
2015,summer,15,15,amar palm,40,3,
2015,summer,15,15,aris adsc,29,2,
2015,summer,15,15,bout aris,144,7,
2015,summer,15,15,tide lanu,1,0.1,
2015,summer,15,17,acac cons,1,20,
2015,summer,15,17,amar palm,6,2,
2015,summer,15,17,boer torr,5,1,
2015,summer,15,17,erag lehm,4,10,
2015,summer,15,17,guti saro,1,25,
2015,summer,15,17,tali aura,2,5,
2015,summer,15,31,bout aris,5,3,
2015,summer,15,31,bout barb,3,2,
2015,summer,15,31,euph serr,1,1,
2015,summer,15,31,muhl port,3,2,
2015,summer,15,31,trid pulc,1,5,
2015,summer,15,33,aris adsc,7,0.1,
2015,summer,15,33,guti saro,3,2,
2015,summer,15,33,tide lanu,1,0.1,
2015,summer,15,35,aris adsc,11,0.1,
2015,summer,15,35,bout aris,48,5,
2015,summer,15,37,amar palm,5,1,
2015,summer,15,37,aris adsc,28,1,
2015,summer,15,37,bout aris,249,40,
2015,summer,15,37,bout barb,6,1,
2015,summer,15,51,acac cons,1,1,
2015,summer,15,51,aris adsc,2,0.1,
2015,summer,15,51,bout aris,1,0.1,
2015,summer,15,51,bout barb,3,0.1,
2015,summer,15,51,pani hirt,1,0.1,
2015,summer,15,51,sola elea,1,3,
2015,summer,15,53,acac cons,4,0.1,
2015,summer,15,53,aris adsc,14,1,
2015,summer,15,53,bout aris,42,4,
2015,summer,15,53,bout barb,6,0.1,
2015,summer,15,53,dale brac,1,0.1,
2015,summer,15,53,guti saro,1,0.1,
2015,summer,15,55,bout aris,14,3,
2015,summer,15,55,euph serp,1,0.1,
2015,summer,15,57,aris adsc,18,0.1,
2015,summer,15,57,bout aris,140,20,
2015,summer,15,57,bout barb,2,1,
2015,summer,15,71,aris adsc,16,2,
2015,summer,15,71,bout aris,119,5,
2015,summer,15,71,erio aber,11,9,
2015,summer,15,73,aris adsc,32,2,
2015,summer,15,73,bout aris,98,10,
2015,summer,15,73,tali angu,1,2,
2015,summer,15,75,alli inca,2,1,
2015,summer,15,75,aris adsc,14,2,
2015,summer,15,75,bout aris,49,5,
2015,summer,15,75,erio aber,1,1,
2015,summer,15,75,sola elea,1,2,
2015,summer,15,77,alli inca,2,1,
2015,summer,15,77,aris adsc,23,4,
2015,summer,15,77,boer torr,2,1,
2015,summer,15,77,bout aris,602,60,
2015,summer,16,11,acac cons,1,1,
2015,summer,16,11,aris adsc,126,20,
2015,summer,16,11,bout aris,148,25,
2015,summer,16,11,bout barb,1,0.1,
2015,summer,16,11,dale brac,3,0.1,
2015,summer,16,11,pani hirt,2,0.1,
2015,summer,16,11,tali aura,1,0.1,
2015,summer,16,13,acac cons,1,3,
2015,summer,16,13,aris adsc,92,15,
2015,summer,16,13,boer inte,1,0.1,
2015,summer,16,13,bout aris,88,20,
2015,summer,16,13,kall cali,1,0.1,
2015,summer,16,15,aris adsc,126,10,
2015,summer,16,15,bout aris,164,35,
2015,summer,16,15,erag lehm,3,7,
2015,summer,16,17,amar palm,10,2,
2015,summer,16,17,aris adsc,35,3,
2015,summer,16,17,boer inte,2,0.1,
2015,summer,16,17,bout aris,252,40,
2015,summer,16,17,bout barb,3,1,
2015,summer,16,17,dale pogo,1,0.1,
2015,summer,16,17,pani hirt,3,0.1,
2015,summer,16,17,tide lanu,3,0.1,
2015,summer,16,31,aris adsc,29,3,
2015,summer,16,31,bout aris,26,4,
2015,summer,16,31,bout barb,5,4,
2015,summer,16,31,erio aber,1,2,
2015,summer,16,31,euph serp,1,1,
2015,summer,16,33,aris adsc,10,2,
2015,summer,16,33,bout aris,275,20,
2015,summer,16,33,erio aber,1,4,
2015,summer,16,35,aris adsc,26,1,
2015,summer,16,35,bout aris,148,17,
2015,summer,16,35,bout barb,1,0.1,
2015,summer,16,35,erag lehm,2,5,
2015,summer,16,35,erio aber,4,10,
2015,summer,16,37,acac cons,2,1,
2015,summer,16,37,aris adsc,8,0.1,
2015,summer,16,37,bout aris,266,30,
2015,summer,16,37,erio aber,9,25,
2015,summer,16,51,aris adsc,75,20,
2015,summer,16,51,bout aris,49,15,
2015,summer,16,51,bout barb,1,0.1,
2015,summer,16,51,kall cali,1,0.1,
2015,summer,16,51,pani hirt,1,0.1,
2015,summer,16,53,aris adsc,22,1,
2015,summer,16,53,bout aris,863,65,
2015,summer,16,53,dale brac,14,4,
2015,summer,16,53,tali aura,1,1,
2015,summer,16,55,aris adsc,12,2,
2015,summer,16,55,bout aris,15,5,
2015,summer,16,57,amar palm,1,0.1,
2015,summer,16,57,aris adsc,84,10,
2015,summer,16,57,bout aris,1112,70,
2015,summer,16,57,erig conc,1,1,
2015,summer,16,71,aris adsc,42,10,
2015,summer,16,71,boer torr,1,0.1,
2015,summer,16,71,bout aris,331,30,
2015,summer,16,71,bout barb,1,0.1,
2015,summer,16,73,amar palm,13,1,
2015,summer,16,73,aris adsc,70,12,
2015,summer,16,73,bout aris,563,60,
2015,summer,16,73,erio aber,1,1,
2015,summer,16,73,tali aura,1,1,
2015,summer,16,75,acac cons,1,4,
2015,summer,16,75,amar palm,4,1,
2015,summer,16,75,aris adsc,70,10,
2015,summer,16,75,boer inte,3,0.1,
2015,summer,16,75,bout aris,451,50,
2015,summer,16,77,amar palm,5,1,
2015,summer,16,77,aris adsc,4,0.1,
2015,summer,16,77,bout aris,18,1,
2015,summer,17,11,bout aris,23,3,
2015,summer,17,11,bout barb,2,1,
2015,summer,17,13,aris adsc,31,3,
2015,summer,17,13,bout aris,143,15,
2015,summer,17,13,bout barb,2,1,
2015,summer,17,13,hoff dens,2,2,
2015,summer,17,15,aris adsc,145,50,
2015,summer,17,15,bout aris,41,5,
2015,summer,17,15,pani hirt,1,1,
2015,summer,17,15,sola elea,1,2,
2015,summer,17,17,amar palm,45,10,
2015,summer,17,17,aris adsc,44,15,
2015,summer,17,17,boer sp,1,1,
2015,summer,17,17,bout aris,103,7,
2015,summer,17,17,erio lemm,5,3,
2015,summer,17,17,pani ariz,2,1,
2015,summer,17,17,tide lanu,2,0.1,
2015,summer,17,31,aris adsc,32,1,
2015,summer,17,31,boer inte,1,0.1,
2015,summer,17,31,boer sp,1,0.1,
2015,summer,17,31,boer torr,1,0.1,
2015,summer,17,31,bout aris,348,20,
2015,summer,17,33,acac cons,3,1,
2015,summer,17,33,aris adsc,60,2,
2015,summer,17,33,boer sp,1,0.1,
2015,summer,17,33,bout aris,298,15,
2015,summer,17,35,aris adsc,30,1,
2015,summer,17,35,bout aris,440,25,
2015,summer,17,37,boer inte,1,1,
2015,summer,17,37,bout aris,1,0.1,
2015,summer,17,37,erio lemm,32,10,
2015,summer,17,37,sola elea,1,2,
2015,summer,17,51,amar palm,15,2,
2015,summer,17,51,aris adsc,63,5,
2015,summer,17,51,bout aris,912,65,
2015,summer,17,53,acac cons,3,4,
2015,summer,17,53,amar palm,1,0.1,
2015,summer,17,53,aris adsc,15,3,
2015,summer,17,53,bout aris,134,15,
2015,summer,17,55,amar palm,1,0.1,
2015,summer,17,55,aris adsc,2,0.1,
2015,summer,17,55,bout aris,99,15,
2015,summer,17,55,pani hirt,1,0.1,
2015,summer,17,57,amar palm,1,1,
2015,summer,17,57,erio lemm,4,1,
2015,summer,17,71,aris adsc,1,0.1,
2015,summer,17,71,bout aris,7,1,
2015,summer,17,73,amar palm,33,6,
2015,summer,17,73,aris adsc,4,1,
2015,summer,17,73,boer inte,1,0.1,
2015,summer,17,73,bout aris,39,9,
2015,summer,17,75,amar palm,47,6,
2015,summer,17,75,aris adsc,2,1,
2015,summer,17,75,boer inte,6,4,
2015,summer,17,75,bout aris,12,2,
2015,summer,17,75,bout barb,1,1,
2015,summer,17,75,pani sp,1,0.1,
2015,summer,17,77,amar palm,150,15,
2015,summer,17,77,aris adsc,5,1,
2015,summer,17,77,bout aris,21,3,
2015,summer,17,77,tide lanu,2,1,
2015,summer,18,11,amar palm,4,1,
2015,summer,18,11,aris adsc,12,1,
2015,summer,18,11,bout aris,44,5,
2015,summer,18,11,euph serp,3,2,
2015,summer,18,11,tide lanu,1,1,
2015,summer,18,13,amar palm,2,1,
2015,summer,18,13,aris adsc,7,1,
2015,summer,18,13,boer inte,1,2,
2015,summer,18,13,bout aris,10,2,
2015,summer,18,13,bout barb,2,1,
2015,summer,18,15,acac cons,1,60,
2015,summer,18,15,amar palm,25,5,
2015,summer,18,15,aris adsc,335,60,
2015,summer,18,15,bout aris,34,3,
2015,summer,18,15,pani hirt,2,0.1,
2015,summer,18,17,acac cons,2,3,
2015,summer,18,17,aris adsc,95,4,
2015,summer,18,17,bout aris,744,70,
2015,summer,18,31,aris adsc,33,10,
2015,summer,18,31,bout aris,175,30,
2015,summer,18,31,erio lemm,1,0.1,
2015,summer,18,31,pani ariz,2,0.1,
2015,summer,18,33,amar palm,2,0.1,
2015,summer,18,33,aris adsc,37,4,
2015,summer,18,33,bout aris,71,10,
2015,summer,18,33,bout barb,11,3,
2015,summer,18,33,tide lanu,1,2,
2015,summer,18,35,amar palm,2,3,
2015,summer,18,35,aris adsc,1,0.1,
2015,summer,18,35,bout aris,2,1,
2015,summer,18,35,euph serp,2,0.1,
2015,summer,18,37,acac cons,1,1,
2015,summer,18,37,amar palm,17,4,
2015,summer,18,37,aris adsc,5,1,
2015,summer,18,37,boer inte,2,2,
2015,summer,18,37,erio lemm,32,15,
2015,summer,18,37,muhl port,1,5,
2015,summer,18,37,pani ariz,2,1,
2015,summer,18,37,pani sp,2,0.1,
2015,summer,18,37,tali aura,1,2,
2015,summer,18,37,tide lanu,1,1,
2015,summer,18,51,acac cons,3,2,
2015,summer,18,51,aris adsc,58,5,
2015,summer,18,51,bout aris,536,40,
2015,summer,18,51,hila muti,1,0.1,
2015,summer,18,51,tali aura,1,0.1,
2015,summer,18,51,tide lanu,1,0.1,
2015,summer,18,53,amar palm,1,0.1,
2015,summer,18,53,aris adsc,20,5,
2015,summer,18,53,boer inte,1,0.1,
2015,summer,18,53,boer torr,1,0.1,
2015,summer,18,53,bout aris,44,10,
2015,summer,18,53,bout barb,3,0.1,
2015,summer,18,53,dale brac,1,0.1,
2015,summer,18,53,euph serp,13,1,
2015,summer,18,53,pani hirt,1,0.1,
2015,summer,18,55,amar palm,33,5,
2015,summer,18,55,aris adsc,6,1,
2015,summer,18,55,boer inte,1,0.1,
2015,summer,18,55,bout aris,5,1,
2015,summer,18,57,acac cons,1,0.1,
2015,summer,18,57,amar palm,11,7,
2015,summer,18,57,bout aris,2,0.1,
2015,summer,18,71,acac cons,3,1,
2015,summer,18,71,amar palm,5,2,
2015,summer,18,71,aris adsc,20,2,
2015,summer,18,71,boer sp,1,0.1,
2015,summer,18,71,bout aris,7,1,
2015,summer,18,71,euph serp,3,1,
2015,summer,18,73,acac cons,1,0.1,
2015,summer,18,73,amar palm,3,1,
2015,summer,18,73,aris adsc,9,1,
2015,summer,18,73,bout aris,1,0.1,
2015,summer,18,73,pani hirt,1,0.1,
2015,summer,18,75,acac cons,1,0.1,
2015,summer,18,75,bout aris,1,0.1,
2015,summer,18,75,bout barb,2,1,
2015,summer,18,75,guti saro,1,2,
2015,summer,18,77,acac cons,9,5,
2015,summer,18,77,amar palm,57,6,
2015,summer,18,77,aris adsc,33,3,
2015,summer,18,77,boer inte,1,1,
2015,summer,18,77,bout aris,1,0.1,
2015,summer,18,77,cass lept,1,1,
2015,summer,18,77,euph serp,2,0.1,
2015,summer,18,77,kall hirs,1,0.1,
2015,summer,18,77,pani ariz,3,0.1,
2015,summer,18,77,pani hirt,4,0.1,
2015,summer,19,11,amar palm,20,7,
2015,summer,19,11,aris adsc,4,1,
2015,summer,19,11,bout aris,7,2,
2015,summer,19,11,bout barb,1,0.1,
2015,summer,19,11,sola elea,2,3,
2015,summer,19,13,aris adsc,12,1,
2015,summer,19,13,bout aris,82,7,
2015,summer,19,13,erio lemm,2,0.1,
2015,summer,19,13,guti saro,1,5,
2015,summer,19,13,tide lanu,1,1,
2015,summer,19,15,aris adsc,316,30,
2015,summer,19,15,bout aris,118,25,
2015,summer,19,15,pani ariz,1,0.1,
2015,summer,19,15,tali angu,1,0.1,
2015,summer,19,15,tide lanu,1,0.1,
2015,summer,19,17,amar palm,5,0.1,
2015,summer,19,17,aris adsc,29,1,
2015,summer,19,17,bout aris,482,45,
2015,summer,19,17,pani sp,2,0.1,
2015,summer,19,17,tali angu,1,2,
2015,summer,19,17,tali aura,1,3,
2015,summer,19,17,tide lanu,1,0.1,
2015,summer,19,31,amar palm,20,1,
2015,summer,19,31,aris adsc,32,3,
2015,summer,19,31,bout aris,19,2,
2015,summer,19,31,bout barb,1,0.1,
2015,summer,19,31,euph serp,2,0.1,
2015,summer,19,31,spha angu,3,2,
2015,summer,19,33,amar palm,1,0.1,
2015,summer,19,33,aris adsc,59,7,
2015,summer,19,33,bout aris,10,1,
2015,summer,19,33,euph serp,1,0.1,
2015,summer,19,33,pani hirt,1,0.1,
2015,summer,19,35,amar palm,58,10,
2015,summer,19,35,aris adsc,12,2,
2015,summer,19,35,boer inte,3,1,
2015,summer,19,35,bout aris,4,0.1,
2015,summer,19,35,pani ariz,3,1,
2015,summer,19,35,pani hirt,4,1,
2015,summer,19,35,sola elea,1,2,
2015,summer,19,35,tali aura,2,2,
2015,summer,19,37,amar palm,22,2,
2015,summer,19,37,aris adsc,115,15,
2015,summer,19,37,boer torr,1,1,
2015,summer,19,37,bout aris,462,60,
2015,summer,19,37,guti saro,1,1,
2015,summer,19,37,muhl port,1,0.1,
2015,summer,19,37,pani ariz,2,0.1,
2015,summer,19,37,tali aura,4,2,
2015,summer,19,37,port suff,1,0.1,
2015,summer,19,51,amar palm,19,3,
2015,summer,19,51,aris adsc,10,1,
2015,summer,19,51,boer inte,1,1,
2015,summer,19,51,bout aris,20,3,
2015,summer,19,51,bout barb,1,1,
2015,summer,19,51,hoff dens,1,1,
2015,summer,19,51,tali angu,1,4,
2015,summer,19,51,tide lanu,3,1,
2015,summer,19,53,amar palm,29,2,
2015,summer,19,53,aris adsc,60,15,
2015,summer,19,53,bout aris,68,15,
2015,summer,19,53,euph serp,4,1,
2015,summer,19,53,pani hirt,1,0.1,
2015,summer,19,53,tali angu,2,3,
2015,summer,19,55,acac cons,1,1,
2015,summer,19,55,amar palm,3,1,
2015,summer,19,55,aris adsc,61,6,
2015,summer,19,55,boer inte,1,1,
2015,summer,19,55,boer sp,1,1,
2015,summer,19,55,bout aris,137,10,
2015,summer,19,57,amar palm,111,7,
2015,summer,19,57,aris adsc,23,3,
2015,summer,19,57,bout aris,138,15,
2015,summer,19,57,chlo virg,5,2,
2015,summer,19,71,amar palm,2,0.1,
2015,summer,19,71,aris adsc,9,1,
2015,summer,19,71,bout aris,13,7,
2015,summer,19,71,euph serp,1,0.1,
2015,summer,19,71,hoff dens,1,0.1,
2015,summer,19,73,amar palm,28,1,
2015,summer,19,73,aris adsc,45,3,
2015,summer,19,73,bout aris,28,4,
2015,summer,19,73,bout barb,2,0.1,
2015,summer,19,73,hoff dens,2,0.1,
2015,summer,19,75,amar palm,13,1,
2015,summer,19,75,aris adsc,18,3,
2015,summer,19,75,bout aris,6,1,
2015,summer,19,75,spha coul,2,5,
2015,summer,19,77,acac cons,1,0.1,
2015,summer,19,77,aris adsc,3,0.1,
2015,summer,19,77,bout aris,8,1,
2015,summer,19,77,bout barb,1,0.1,
2015,summer,19,77,euph serp,2,0.1,
2015,summer,19,77,pani hirt,15,2,
2015,summer,20,11,aris adsc,1,0.1,
2015,summer,20,13,amar palm,27,2,
2015,summer,20,13,aris adsc,28,4,
2015,summer,20,13,boer inte,8,3,
2015,summer,20,13,bout aris,115,7,
2015,summer,20,13,bout barb,1,0.1,
2015,summer,20,13,dale pogo,1,0.1,
2015,summer,20,13,sola elea,1,2,
2015,summer,20,13,tide lanu,1,1,
2015,summer,20,15,amar palm,125,4,
2015,summer,20,15,ambr arte,2,5,
2015,summer,20,15,aris adsc,305,20,
2015,summer,20,15,bout aris,32,5,
2015,summer,20,15,bout barb,5,2,
2015,summer,20,17,acac cons,1,2,
2015,summer,20,17,amar palm,4,1,
2015,summer,20,17,aris adsc,30,2,
2015,summer,20,17,boer torr,2,0.1,
2015,summer,20,17,bout aris,220,10,
2015,summer,20,17,bout barb,2,1,
2015,summer,20,31,acac cons,1,5,
2015,summer,20,31,amar palm,26,1,
2015,summer,20,31,aris adsc,11,1,
2015,summer,20,31,boer inte,1,0.1,
2015,summer,20,31,bout aris,67,10,
2015,summer,20,31,bout barb,3,1,
2015,summer,20,31,pani hirt,1,0.1,
2015,summer,20,31,tali angu,1,1,
2015,summer,20,31,tide lanu,2,1,
2015,summer,20,33,amar palm,20,3,
2015,summer,20,33,aris adsc,22,4,
2015,summer,20,33,bout aris,135,15,
2015,summer,20,33,dale brac,1,0.1,
2015,summer,20,33,tali aura,1,1,
2015,summer,20,35,amar palm,20,4,
2015,summer,20,35,aris adsc,22,5,
2015,summer,20,35,boer inte,2,0.1,
2015,summer,20,35,bout aris,92,20,
2015,summer,20,35,pani hirt,1,0.1,
2015,summer,20,37,annu gras,1,0.1,
2015,summer,20,37,aris adsc,24,5,
2015,summer,20,37,bout aris,252,45,
2015,summer,20,37,laen coul,1,1,
2015,summer,20,37,tali aura,1,2,
2015,summer,20,51,amar palm,15,2,
2015,summer,20,51,aris adsc,2,0.1,
2015,summer,20,51,bout aris,20,2,
2015,summer,20,51,sola elea,1,0.1,
2015,summer,20,53,amar palm,71,7,
2015,summer,20,53,aris adsc,5,2,
2015,summer,20,53,boer torr,1,0.1,
2015,summer,20,53,bout aris,11,3,
2015,summer,20,55,acac cons,1,1,
2015,summer,20,55,aris adsc,50,5,
2015,summer,20,55,bout aris,345,35,
2015,summer,20,55,bout barb,1,0.1,
2015,summer,20,55,tali angu,1,0.1,
2015,summer,20,55,tali aura,1,0.1,
2015,summer,20,57,aris adsc,58,10,
2015,summer,20,57,bout aris,223,40,
2015,summer,20,57,erag lehm,1,1,
2015,summer,20,57,tali angu,1,2,
2015,summer,20,71,aris adsc,12,1,
2015,summer,20,71,bout aris,121,20,
2015,summer,20,73,aris adsc,68,14,
2015,summer,20,73,boer inte,1,0.1,
2015,summer,20,73,bout aris,37,5,
2015,summer,20,73,bout barb,1,0.1,
2015,summer,20,73,pani ariz,1,0.1,
2015,summer,20,73,tali angu,1,0.1,
2015,summer,20,75,amar palm,3,1,
2015,summer,20,75,aris adsc,31,4,
2015,summer,20,75,bout aris,82,15,
2015,summer,20,77,aris adsc,11,1,
2015,summer,20,77,bout aris,229,30,
2015,summer,20,77,erio aber,2,3,
2015,summer,20,77,tali angu,1,1,
2015,summer,21,11,aris adsc,76,3,
2015,summer,21,11,bout aris,88,7,
2015,summer,21,11,erio aber,5,2,
2015,summer,21,13,annu forb,1,0.1,sida spin
2015,summer,21,13,aris adsc,109,15,
2015,summer,21,13,bout aris,254,35,
2015,summer,21,15,amar palm,13,3,
2015,summer,21,15,aris adsc,54,5,
2015,summer,21,15,bout aris,230,20,
2015,summer,21,15,trid pulc,1,1,
2015,summer,21,17,bout aris,17,2,
2015,summer,21,17,erio lemm,4,2,
2015,summer,21,17,pani hirt,4,1,
2015,summer,21,17,seta macr,4,3,
2015,summer,21,17,spha angu,4,2,
2015,summer,21,17,tali angu,1,1,
2015,summer,21,31,aris adsc,2,1,
2015,summer,21,31,bout aris,34,5,
2015,summer,21,31,erio aber,3,20,
2015,summer,21,33,aris adsc,18,5,
2015,summer,21,33,bout aris,108,15,
2015,summer,21,35,bout aris,40,4,
2015,summer,21,37,acac cons,1,20,
2015,summer,21,37,aris adsc,7,2,
2015,summer,21,37,boer sp,1,0.1,
2015,summer,21,37,bout aris,111,15,
2015,summer,21,37,tide lanu,2,0.1,
2015,summer,21,51,aris adsc,12,1,
2015,summer,21,51,bout aris,408,20,
2015,summer,21,51,erio aber,1,1,
2015,summer,21,53,aris adsc,23,1,
2015,summer,21,53,bout aris,107,8,
2015,summer,21,55,aris adsc,6,1,
2015,summer,21,55,bout aris,461,15,
2015,summer,21,55,erio aber,2,3,
2015,summer,21,55,tali angu,2,1,
2015,summer,21,57,amar palm,4,1,
2015,summer,21,57,aris adsc,72,7,
2015,summer,21,57,bout aris,371,40,
2015,summer,21,57,tali angu,1,1,
2015,summer,21,71,aris adsc,195,20,
2015,summer,21,71,bout aris,215,40,
2015,summer,21,73,aris adsc,33,15,
2015,summer,21,73,bout aris,90,10,
2015,summer,21,73,pani hirt,1,0.1,
2015,summer,21,73,tide lanu,1,1,
2015,summer,21,75,aris adsc,142,25,
2015,summer,21,75,bout aris,112,20,
2015,summer,21,75,tali sp,1,1,
2015,summer,21,77,aris adsc,102,10,
2015,summer,21,77,bout aris,77,10,
2015,summer,21,77,erio aber,1,3,
2015,summer,22,11,acac cons,2,0.1,
2015,summer,22,11,aris adsc,1,0.1,
2015,summer,22,11,boer inte,2,0.1,
2015,summer,22,11,bout aris,50,10,
2015,summer,22,11,dale brac,2,0.1,
2015,summer,22,13,aris adsc,30,1,
2015,summer,22,13,bout aris,406,20,
2015,summer,22,13,erio aber,2,2,
2015,summer,22,13,tali angu,1,0.1,
2015,summer,22,15,annu forb,1,0.1,crot pumi
2015,summer,22,15,aris adsc,170,30,
2015,summer,22,15,tali angu,1,0.1,
2015,summer,22,17,amar palm,1,0.1,
2015,summer,22,17,aris adsc,55,10,
2015,summer,22,17,boer torr,1,0.1,
2015,summer,22,17,bout aris,222,20,
2015,summer,22,17,pani ariz,2,1,
2015,summer,22,17,tali angu,5,5,
2015,summer,22,31,aris adsc,5,1,
2015,summer,22,31,bout aris,88,5,
2015,summer,22,31,bout barb,1,0.1,
2015,summer,22,31,erio aber,12,10,
2015,summer,22,31,tali angu,1,1,
2015,summer,22,33,acac cons,1,0.1,
2015,summer,22,33,aris adsc,5,0.1,
2015,summer,22,33,bout aris,452,20,
2015,summer,22,33,hapl tenu,1,25,
2015,summer,22,33,tali angu,1,0.1,
2015,summer,22,33,tali aura,3,3,
2015,summer,22,35,aris adsc,53,5,
2015,summer,22,35,bout aris,435,75,
2015,summer,22,37,aris adsc,53,2,
2015,summer,22,37,boer sp,1,0.1,
2015,summer,22,37,bout aris,144,15,
2015,summer,22,37,pani hirt,1,0.1,
2015,summer,22,51,acac cons,1,2,
2015,summer,22,51,aris adsc,47,5,
2015,summer,22,51,boer inte,5,1,
2015,summer,22,51,boer torr,1,0.1,
2015,summer,22,51,bout aris,448,45,
2015,summer,22,51,cass lept,1,1,
2015,summer,22,51,erig conc,1,3,
2015,summer,22,51,erio aber,1,0.1,
2015,summer,22,53,acac cons,1,3,
2015,summer,22,53,aris adsc,23,2,
2015,summer,22,53,bout aris,375,15,
2015,summer,22,53,crot pumi,1,1,
2015,summer,22,53,erio aber,39,7,
2015,summer,22,53,tali angu,2,4,
2015,summer,22,55,aris adsc,11,1,
2015,summer,22,55,boer sp,1,0.1,
2015,summer,22,55,bout aris,365,30,
2015,summer,22,57,aris adsc,46,2,
2015,summer,22,57,boer sp,2,0.1,
2015,summer,22,57,bout aris,546,25,
2015,summer,22,57,erio aber,5,2,
2015,summer,22,57,tali angu,1,1,
2015,summer,22,71,aris adsc,43,3,
2015,summer,22,71,bout aris,398,30,
2015,summer,22,71,dale pogo,4,1,
2015,summer,22,71,ephe trif,1,4,
2015,summer,22,71,tali angu,1,2,
2015,summer,22,73,aris adsc,12,1,
2015,summer,22,73,boer inte,1,0.1,
2015,summer,22,73,bout aris,396,30,
2015,summer,22,75,aris adsc,39,1,
2015,summer,22,75,bout aris,340,35,
2015,summer,22,75,erag lehm,3,3,
2015,summer,22,75,erio aber,3,1,
2015,summer,22,75,tali angu,3,2,
2015,summer,22,77,aris adsc,65,10,
2015,summer,22,77,boer inte,2,1,
2015,summer,22,77,bout aris,153,25,
2015,summer,22,77,pani hirt,1,0.1,
2015,summer,23,11,acac cons,10,2,
2015,summer,23,11,amar palm,100,5,
2015,summer,23,11,aris adsc,29,1,
2015,summer,23,11,bout aris,80,20,
2015,summer,23,11,tali angu,1,1,
2015,summer,23,13,acac cons,1,1,
2015,summer,23,13,amar palm,9,10,
2015,summer,23,13,aris adsc,12,5,
2015,summer,23,13,bout aris,4,2,
2015,summer,23,13,bout barb,2,1,
2015,summer,23,15,aris adsc,87,10,
2015,summer,23,15,bout aris,183,40,
2015,summer,23,15,tali angu,1,1,
2015,summer,23,17,aris adsc,300,20,
2015,summer,23,17,bout aris,48,8,
2015,summer,23,17,dale pogo,2,1,
2015,summer,23,17,flou cern,1,1,
2015,summer,23,31,aris adsc,3,1,
2015,summer,23,31,boer sp,1,1,
2015,summer,23,31,bout aris,99,15,
2015,summer,23,33,aris adsc,18,1,
2015,summer,23,33,bout aris,21,3,
2015,summer,23,33,tali angu,1,0.1,
2015,summer,23,35,aris adsc,6,1,
2015,summer,23,35,bout aris,2,1,
2015,summer,23,35,erag lehm,1,2,
2015,summer,23,37,amar palm,1,0.1,
2015,summer,23,37,aris adsc,142,35,
2015,summer,23,37,bout aris,56,5,
2015,summer,23,37,tali angu,1,2,
2015,summer,23,37,tide lanu,1,0.1,
2015,summer,23,51,acac cons,2,80,
2015,summer,23,51,amar palm,1,0.1,
2015,summer,23,51,muhl port,5,10,
2015,summer,23,53,amar palm,11,1,
2015,summer,23,53,aris adsc,368,30,
2015,summer,23,53,bout aris,108,20,
2015,summer,23,53,dale brac,1,0.1,
2015,summer,23,55,amar palm,4,0.1,
2015,summer,23,55,aris adsc,347,30,
2015,summer,23,55,bout aris,188,10,
2015,summer,23,55,dale brac,1,0.1,
2015,summer,23,55,pani hirt,2,0.1,
2015,summer,23,57,amar palm,493,40,
2015,summer,23,57,erag lehm,3,8,
2015,summer,23,57,pani hirt,5,1,
2015,summer,23,57,tali aura,1,5,
2015,summer,23,71,aris adsc,220,15,
2015,summer,23,71,boer inte,2,1,
2015,summer,23,71,bout aris,170,15,
2015,summer,23,71,tali angu,1,1,
2015,summer,23,73,amar palm,25,2,
2015,summer,23,73,aris adsc,148,10,
2015,summer,23,73,boer inte,1,0.1,
2015,summer,23,73,bout aris,101,8,
2015,summer,23,75,aris adsc,154,5,
2015,summer,23,75,boer torr,2,0.1,
2015,summer,23,75,bout aris,253,60,
2015,summer,23,75,sola elea,1,1,
2015,summer,23,75,tali aura,1,5,
2015,summer,23,77,aris adsc,69,15,
2015,summer,23,77,bout aris,219,50,
2015,summer,23,77,tali angu,1,2,
2015,summer,24,11,amar palm,14,2,
2015,summer,24,11,aris adsc,8,1,
2015,summer,24,11,bout aris,351,38,
2015,summer,24,13,alli inca,1,0.1,
2015,summer,24,13,amar palm,1,0.1,
2015,summer,24,13,ambr arte,1,1,
2015,summer,24,13,aris adsc,27,2,
2015,summer,24,13,bout aris,26,3,
2015,summer,24,13,erio aber,1,0.1,
2015,summer,24,13,sola elea,2,3,
2015,summer,24,15,amar palm,2,1,
2015,summer,24,15,aris adsc,15,2,
2015,summer,24,15,bout aris,26,5,
2015,summer,24,15,bout barb,1,1,
2015,summer,24,15,erag lehm,1,4,
2015,summer,24,15,guti saro,1,1,
2015,summer,24,15,pani sp,2,1,
2015,summer,24,15,tali angu,1,0.1,
2015,summer,24,31,amar palm,2,1,
2015,summer,24,31,bout aris,1,0.1,
2015,summer,24,33,amar palm,2,0.1,
2015,summer,24,33,aris adsc,8,0.1,
2015,summer,24,33,bout aris,74,20,
2015,summer,24,33,bout barb,5,1,
2015,summer,24,33,tide lanu,1,0.1,
2015,summer,24,35,aris adsc,13,2,
2015,summer,24,35,bout aris,19,2,
2015,summer,24,35,guti saro,1,1,
2015,summer,24,35,sola elea,1,3,
2015,summer,24,37,amar palm,2,0.1,
2015,summer,24,37,aris adsc,112,25,
2015,summer,24,37,bout aris,42,3,
2015,summer,24,51,acac cons,2,1,
2015,summer,24,51,alli inca,1,1,
2015,summer,24,51,amar palm,4,1,
2015,summer,24,51,aris adsc,1,0.1,
2015,summer,24,51,bout aris,9,2,
2015,summer,24,51,bout barb,1,1,
2015,summer,24,51,euph micr,1,0.1,
2015,summer,24,53,acac cons,1,1,
2015,summer,24,53,amar palm,5,1,
2015,summer,24,53,erag lehm,1,5,
2015,summer,24,53,flou cern,1,50,
2015,summer,24,53,guti saro,1,40,
2015,summer,24,53,tali angu,1,1,
2015,summer,24,55,acac cons,1,1,
2015,summer,24,55,alli inca,1,0.1,
2015,summer,24,55,amar palm,7,3,
2015,summer,24,55,aris adsc,12,3,
2015,summer,24,55,boer sp,1,1,
2015,summer,24,55,bout aris,33,4,
2015,summer,24,55,bout barb,1,1,
2015,summer,24,57,amar palm,16,5,
2015,summer,24,57,aris adsc,71,20,
2015,summer,24,57,bout barb,1,1,
2015,summer,24,57,crot pumi,1,0.1,
2015,summer,24,57,pani ariz,2,1,
2015,summer,24,57,pani hirt,1,1,
2015,summer,24,57,tali aura,2,3,
2015,summer,24,71,acac cons,1,1,
2015,summer,24,71,amar palm,34,4,
2015,summer,24,71,aris adsc,3,1,
2015,summer,24,71,bout aris,2,1,
2015,summer,24,71,euph serp,1,1,
2015,summer,24,71,tali angu,1,0.1,
2015,summer,24,75,amar palm,19,5,
2015,summer,24,75,aris adsc,69,10,
2015,summer,24,75,boer sp,6,1,
2015,summer,24,75,bout aris,78,30,
2015,summer,24,75,pani ariz,2,0.1,
2015,summer,24,75,tide lanu,3,2,
2015,summer,24,77,acac cons,1,1,
2015,summer,24,77,amar palm,7,1,
2015,summer,24,77,aris adsc,19,2,
2015,summer,24,77,boer inte,1,0.1,
2015,summer,24,77,bout aris,210,42,
2015,summer,24,77,cass lept,1,0.1,
2015,summer,24,77,tide lanu,2,0.1,
